{"cameraMode":{"drawMode":0,"name":"Shaded","section":"Shading Mode"},"sceneLighting":false,"audioPlay":false,"sceneViewState":{"m_AlwaysRefresh":false,"showFog":false,"showSkybox":false,"showFlares":false,"showImageEffects":false,"showParticleSystems":false,"showVisualEffectGraphs":true,"m_FxEnabled":true},"in2DMode":false,"pivot":{"x":-0.18481189012527467,"y":0.9729909896850586,"z":0.278994083404541},"rotation":{"x":0.006575720384716988,"y":0.9883850812911987,"z":-0.14514566957950593,"w":0.044806551188230517},"size":1.5311434268951417,"orthographic":false}